trial_id,trial_dir,method,scenario,lighting,group_type,gesture_label,trigger_family,trial_index,round_index,valid_capture,missed,n_frames,segmentation_purity_percent,predicted_label,inference_correct,recognition_efficiency
20260508.175804.954191,metric_tests\baseline_manual\dim\20260508.175804.954191,baseline_manual,dim,dim,lighting,SwipeU,wrist_trigger,1,1,True,False,30,62.06896551724138,SwipeU,1,100.0
20260508.175813.775965,metric_tests\baseline_manual\dim\20260508.175813.775965,baseline_manual,dim,dim,lighting,SwipeU,wrist_trigger,2,2,True,False,63,24.193548387096776,SwipeU,1,47.61904761904761
20260508.175817.690753,metric_tests\baseline_manual\dim\20260508.175817.690753,baseline_manual,dim,dim,lighting,SwipeU,wrist_trigger,3,3,True,False,27,15.384615384615385,SwipeU,1,100.0
20260508.175825.597690,metric_tests\baseline_manual\dim\20260508.175825.597690,baseline_manual,dim,dim,lighting,SwipeU,wrist_trigger,4,4,True,False,28,18.51851851851852,SwipeU,1,100.0
20260508.175834.798333,metric_tests\baseline_manual\dim\20260508.175834.798333,baseline_manual,dim,dim,lighting,SwipeU,wrist_trigger,5,5,True,False,31,10.0,SwipeU,1,96.7741935483871
20260508.175848.925296,metric_tests\baseline_manual\dim\20260508.175848.925296,baseline_manual,dim,dim,lighting,SwipeD,wrist_trigger,6,1,True,False,70,13.043478260869565,SwipeU,0,0.0
20260508.175856.636873,metric_tests\baseline_manual\dim\20260508.175856.636873,baseline_manual,dim,dim,lighting,SwipeD,wrist_trigger,7,2,True,False,38,5.405405405405405,SwipeD,1,78.94736842105263
20260508.175900.327327,metric_tests\baseline_manual\dim\20260508.175900.327327,baseline_manual,dim,dim,lighting,SwipeD,wrist_trigger,8,3,True,False,28,62.96296296296296,SwipeD,1,100.0
20260508.175910.654278,metric_tests\baseline_manual\dim\20260508.175910.654278,baseline_manual,dim,dim,lighting,SwipeD,wrist_trigger,9,4,True,False,32,9.67741935483871,SwipeD,1,93.75
20260508.175919.867992,metric_tests\baseline_manual\dim\20260508.175919.867992,baseline_manual,dim,dim,lighting,SwipeD,wrist_trigger,10,5,True,False,29,14.285714285714285,SwipeD,1,100.0
20260508.175929.068379,metric_tests\baseline_manual\dim\20260508.175929.068379,baseline_manual,dim,dim,lighting,swipeL,wrist_trigger,11,1,True,False,32,67.74193548387096,SwipeU,0,0.0
20260508.175933.679850,metric_tests\baseline_manual\dim\20260508.175933.679850,baseline_manual,dim,dim,lighting,swipeL,wrist_trigger,12,2,True,False,29,75.0,SwipeU,0,0.0
20260508.175938.395494,metric_tests\baseline_manual\dim\20260508.175938.395494,baseline_manual,dim,dim,lighting,swipeL,wrist_trigger,13,3,True,False,29,82.14285714285714,SwipeU,0,0.0
20260508.175947.500829,metric_tests\baseline_manual\dim\20260508.175947.500829,baseline_manual,dim,dim,lighting,swipeL,wrist_trigger,14,4,True,False,53,5.769230769230769,SwipeU,0,0.0
20260508.175956.218306,metric_tests\baseline_manual\dim\20260508.175956.218306,baseline_manual,dim,dim,lighting,swipeL,wrist_trigger,15,5,True,False,25,8.333333333333332,SwipeU,0,0.0
20260508.180014.443005,metric_tests\baseline_manual\dim\20260508.180014.443005,baseline_manual,dim,dim,lighting,swipeR,wrist_trigger,16,1,True,False,54,7.547169811320755,SwipeU,0,0.0
20260508.180022.346744,metric_tests\baseline_manual\dim\20260508.180022.346744,baseline_manual,dim,dim,lighting,swipeR,wrist_trigger,17,2,True,False,29,7.142857142857142,swipeL,0,0.0
20260508.180035.371652,metric_tests\baseline_manual\dim\20260508.180035.371652,baseline_manual,dim,dim,lighting,swipeR,wrist_trigger,18,3,True,False,58,8.771929824561402,swipeL,0,0.0
20260508.180046.176110,metric_tests\baseline_manual\dim\20260508.180046.176110,baseline_manual,dim,dim,lighting,swipeR,wrist_trigger,19,4,True,False,38,5.405405405405405,swipeL,0,0.0
20260508.180054.893929,metric_tests\baseline_manual\dim\20260508.180054.893929,baseline_manual,dim,dim,lighting,swipeR,wrist_trigger,20,5,True,False,56,7.2727272727272725,swipeL,0,0.0
20260508.180058.185800,metric_tests\baseline_manual\dim\20260508.180058.185800,baseline_manual,dim,dim,lighting,Grab,scale_trigger,21,1,True,False,22,14.285714285714285,Grab,1,100.0
20260508.180104.297967,metric_tests\baseline_manual\dim\20260508.180104.297967,baseline_manual,dim,dim,lighting,Grab,scale_trigger,22,2,True,False,18,23.52941176470588,Grab,1,100.0
20260508.180113.616193,metric_tests\baseline_manual\dim\20260508.180113.616193,baseline_manual,dim,dim,lighting,Grab,scale_trigger,23,3,True,False,39,23.684210526315788,Grab,1,76.92307692307693
20260508.180119.935058,metric_tests\baseline_manual\dim\20260508.180119.935058,baseline_manual,dim,dim,lighting,Grab,scale_trigger,24,4,True,False,21,20.0,Grab,1,100.0
20260508.180126.329505,metric_tests\baseline_manual\dim\20260508.180126.329505,baseline_manual,dim,dim,lighting,Grab,scale_trigger,25,5,True,False,19,22.22222222222222,Grab,1,100.0
20260508.180135.245061,metric_tests\baseline_manual\dim\20260508.180135.245061,baseline_manual,dim,dim,lighting,Expand,scale_trigger,26,1,True,False,16,20.0,Expand,1,100.0
20260508.180144.061243,metric_tests\baseline_manual\dim\20260508.180144.061243,baseline_manual,dim,dim,lighting,Expand,scale_trigger,27,2,True,False,15,21.428571428571427,Expand,1,100.0
20260508.180149.465324,metric_tests\baseline_manual\dim\20260508.180149.465324,baseline_manual,dim,dim,lighting,Expand,scale_trigger,28,3,True,False,16,20.0,Expand,1,100.0
20260508.180154.879365,metric_tests\baseline_manual\dim\20260508.180154.879365,baseline_manual,dim,dim,lighting,Expand,scale_trigger,29,4,True,False,16,20.0,Expand,1,100.0
20260508.180200.377511,metric_tests\baseline_manual\dim\20260508.180200.377511,baseline_manual,dim,dim,lighting,Expand,scale_trigger,30,5,True,False,17,18.75,Expand,1,100.0
20260508.175116.579340,metric_tests\baseline_manual\normal\20260508.175116.579340,baseline_manual,normal,normal,lighting,SwipeU,wrist_trigger,1,1,True,False,45,81.81818181818183,SwipeU,1,66.66666666666666
20260508.175119.061425,metric_tests\baseline_manual\normal\20260508.175119.061425,baseline_manual,normal,normal,lighting,SwipeU,wrist_trigger,2,2,True,False,46,6.666666666666667,SwipeU,1,65.21739130434783
20260508.175121.588058,metric_tests\baseline_manual\normal\20260508.175121.588058,baseline_manual,normal,normal,lighting,SwipeU,wrist_trigger,3,3,True,False,51,10.0,SwipeU,1,58.82352941176471
20260508.175124.099752,metric_tests\baseline_manual\normal\20260508.175124.099752,baseline_manual,normal,normal,lighting,SwipeU,wrist_trigger,4,4,True,False,48,10.638297872340425,SwipeU,1,62.5
20260508.175126.787068,metric_tests\baseline_manual\normal\20260508.175126.787068,baseline_manual,normal,normal,lighting,SwipeU,wrist_trigger,5,5,True,False,53,5.769230769230769,SwipeU,1,56.60377358490566
20260508.175130.292500,metric_tests\baseline_manual\normal\20260508.175130.292500,baseline_manual,normal,normal,lighting,SwipeD,wrist_trigger,6,1,True,False,55,72.22222222222221,SwipeD,1,54.54545454545454
20260508.175133.075233,metric_tests\baseline_manual\normal\20260508.175133.075233,baseline_manual,normal,normal,lighting,SwipeD,wrist_trigger,7,2,True,False,53,11.538461538461538,SwipeD,1,56.60377358490566
20260508.175135.811089,metric_tests\baseline_manual\normal\20260508.175135.811089,baseline_manual,normal,normal,lighting,SwipeD,wrist_trigger,8,3,True,False,54,11.320754716981133,SwipeD,1,55.55555555555556
20260508.175139.268329,metric_tests\baseline_manual\normal\20260508.175139.268329,baseline_manual,normal,normal,lighting,SwipeD,wrist_trigger,9,4,True,False,55,5.555555555555555,SwipeD,1,54.54545454545454
20260508.175142.563653,metric_tests\baseline_manual\normal\20260508.175142.563653,baseline_manual,normal,normal,lighting,SwipeD,wrist_trigger,10,5,True,False,63,3.225806451612903,SwipeD,1,47.61904761904761
20260508.175145.461411,metric_tests\baseline_manual\normal\20260508.175145.461411,baseline_manual,normal,normal,lighting,swipeL,wrist_trigger,11,1,True,False,55,74.07407407407408,swipeL,1,54.54545454545454
20260508.175148.099757,metric_tests\baseline_manual\normal\20260508.175148.099757,baseline_manual,normal,normal,lighting,swipeL,wrist_trigger,12,2,True,False,50,6.122448979591836,swipeL,1,60.0
20260508.175150.932120,metric_tests\baseline_manual\normal\20260508.175150.932120,baseline_manual,normal,normal,lighting,swipeL,wrist_trigger,13,3,True,False,52,7.8431372549019605,swipeL,1,57.692307692307686
20260508.175153.827884,metric_tests\baseline_manual\normal\20260508.175153.827884,baseline_manual,normal,normal,lighting,swipeL,wrist_trigger,14,4,True,False,56,3.6363636363636362,swipeL,1,53.57142857142857
20260508.175156.979324,metric_tests\baseline_manual\normal\20260508.175156.979324,baseline_manual,normal,normal,lighting,swipeL,wrist_trigger,15,5,True,False,63,6.451612903225806,swipeL,1,47.61904761904761
20260508.175200.408473,metric_tests\baseline_manual\normal\20260508.175200.408473,baseline_manual,normal,normal,lighting,swipeR,wrist_trigger,16,1,True,False,67,13.636363636363635,swipeL,0,0.0
20260508.175203.667107,metric_tests\baseline_manual\normal\20260508.175203.667107,baseline_manual,normal,normal,lighting,swipeR,wrist_trigger,17,2,True,False,49,79.16666666666666,swipeL,0,0.0
20260508.175208.421481,metric_tests\baseline_manual\normal\20260508.175208.421481,baseline_manual,normal,normal,lighting,swipeR,wrist_trigger,18,3,True,False,73,8.333333333333332,swipeL,0,0.0
20260508.175211.284031,metric_tests\baseline_manual\normal\20260508.175211.284031,baseline_manual,normal,normal,lighting,swipeR,wrist_trigger,19,4,True,False,50,61.224489795918366,swipeL,0,0.0
20260508.175214.437078,metric_tests\baseline_manual\normal\20260508.175214.437078,baseline_manual,normal,normal,lighting,swipeR,wrist_trigger,20,5,True,False,60,3.389830508474576,swipeL,0,0.0
20260508.175219.539299,metric_tests\baseline_manual\normal\20260508.175219.539299,baseline_manual,normal,normal,lighting,Grab,scale_trigger,21,1,True,False,97,12.5,Grab,1,30.927835051546392
20260508.175223.301393,metric_tests\baseline_manual\normal\20260508.175223.301393,baseline_manual,normal,normal,lighting,Grab,scale_trigger,22,2,True,False,58,12.280701754385964,Grab,1,51.724137931034484
20260508.175225.449925,metric_tests\baseline_manual\normal\20260508.175225.449925,baseline_manual,normal,normal,lighting,Grab,scale_trigger,23,3,True,False,34,39.39393939393939,Grab,1,88.23529411764706
20260508.175230.051932,metric_tests\baseline_manual\normal\20260508.175230.051932,baseline_manual,normal,normal,lighting,Grab,scale_trigger,24,4,True,False,78,15.584415584415584,Grab,1,38.46153846153847
20260508.175234.597304,metric_tests\baseline_manual\normal\20260508.175234.597304,baseline_manual,normal,normal,lighting,Grab,scale_trigger,25,5,True,False,85,17.857142857142858,Grab,1,35.294117647058826
20260508.175237.027477,metric_tests\baseline_manual\normal\20260508.175237.027477,baseline_manual,normal,normal,lighting,Expand,scale_trigger,26,1,True,False,40,28.205128205128204,Expand,1,75.0
20260508.175242.452048,metric_tests\baseline_manual\normal\20260508.175242.452048,baseline_manual,normal,normal,lighting,Expand,scale_trigger,27,2,True,False,74,19.17808219178082,Expand,1,40.54054054054054
20260508.175248.851955,metric_tests\baseline_manual\normal\20260508.175248.851955,baseline_manual,normal,normal,lighting,Expand,scale_trigger,28,3,True,False,86,11.76470588235294,Expand,1,34.883720930232556
20260508.175251.283608,metric_tests\baseline_manual\normal\20260508.175251.283608,baseline_manual,normal,normal,lighting,Expand,scale_trigger,29,4,True,False,41,10.0,Expand,1,73.17073170731707
20260508.175256.323202,metric_tests\baseline_manual\normal\20260508.175256.323202,baseline_manual,normal,normal,lighting,Expand,scale_trigger,30,5,True,False,77,15.789473684210526,Expand,1,38.961038961038966
20260508.172005.718725,metric_tests\baseline_manual\scale_trigger\20260508.172005.718725,baseline_manual,scale_trigger,normal,trigger,Grab,scale_trigger,1,1,True,False,42,29.268292682926827,Grab,1,71.42857142857143
20260508.172010.567020,metric_tests\baseline_manual\scale_trigger\20260508.172010.567020,baseline_manual,scale_trigger,normal,trigger,Grab,scale_trigger,2,2,True,False,96,12.631578947368421,Grab,1,31.25
20260508.172013.158379,metric_tests\baseline_manual\scale_trigger\20260508.172013.158379,baseline_manual,scale_trigger,normal,trigger,Grab,scale_trigger,3,3,True,False,50,18.367346938775512,Grab,1,60.0
20260508.172015.667543,metric_tests\baseline_manual\scale_trigger\20260508.172015.667543,baseline_manual,scale_trigger,normal,trigger,Grab,scale_trigger,4,4,True,False,46,22.22222222222222,Grab,1,65.21739130434783
20260508.172019.783806,metric_tests\baseline_manual\scale_trigger\20260508.172019.783806,baseline_manual,scale_trigger,normal,trigger,Grab,scale_trigger,5,5,True,False,57,23.214285714285715,Grab,1,52.63157894736842
20260508.172023.829526,metric_tests\baseline_manual\scale_trigger\20260508.172023.829526,baseline_manual,scale_trigger,normal,trigger,Expand,scale_trigger,6,1,True,False,33,34.375,Expand,1,90.9090909090909
20260508.172026.822053,metric_tests\baseline_manual\scale_trigger\20260508.172026.822053,baseline_manual,scale_trigger,normal,trigger,Expand,scale_trigger,7,2,True,False,49,12.5,Expand,1,61.224489795918366
20260508.172029.559092,metric_tests\baseline_manual\scale_trigger\20260508.172029.559092,baseline_manual,scale_trigger,normal,trigger,Expand,scale_trigger,8,3,True,False,49,12.5,Expand,1,61.224489795918366
20260508.172034.870872,metric_tests\baseline_manual\scale_trigger\20260508.172034.870872,baseline_manual,scale_trigger,normal,trigger,Expand,scale_trigger,9,4,True,False,91,7.777777777777778,Expand,1,32.967032967032964
20260508.172037.239153,metric_tests\baseline_manual\scale_trigger\20260508.172037.239153,baseline_manual,scale_trigger,normal,trigger,Expand,scale_trigger,10,5,True,False,40,10.256410256410255,Expand,1,75.0
20260508.180229.589403,metric_tests\baseline_manual\wrist_trigger\20260508.180229.589403,baseline_manual,wrist_trigger,normal,trigger,SwipeU,wrist_trigger,1,1,True,False,46,73.33333333333333,SwipeU,1,65.21739130434783
20260508.180232.179022,metric_tests\baseline_manual\wrist_trigger\20260508.180232.179022,baseline_manual,wrist_trigger,normal,trigger,SwipeU,wrist_trigger,2,2,True,False,50,4.081632653061225,SwipeU,1,60.0
20260508.180234.978766,metric_tests\baseline_manual\wrist_trigger\20260508.180234.978766,baseline_manual,wrist_trigger,normal,trigger,SwipeU,wrist_trigger,3,3,True,False,55,9.25925925925926,SwipeU,1,54.54545454545454
20260508.180237.587479,metric_tests\baseline_manual\wrist_trigger\20260508.180237.587479,baseline_manual,wrist_trigger,normal,trigger,SwipeU,wrist_trigger,4,4,True,False,50,8.16326530612245,SwipeU,1,60.0
20260508.180240.643395,metric_tests\baseline_manual\wrist_trigger\20260508.180240.643395,baseline_manual,wrist_trigger,normal,trigger,SwipeU,wrist_trigger,5,5,True,False,58,5.263157894736842,SwipeU,1,51.724137931034484
20260508.180245.714586,metric_tests\baseline_manual\wrist_trigger\20260508.180245.714586,baseline_manual,wrist_trigger,normal,trigger,SwipeD,wrist_trigger,6,1,True,False,73,9.722222222222223,SwipeU,0,0.0
20260508.180248.819740,metric_tests\baseline_manual\wrist_trigger\20260508.180248.819740,baseline_manual,wrist_trigger,normal,trigger,SwipeD,wrist_trigger,7,2,True,False,64,3.1746031746031744,swipeL,0,0.0
20260508.180251.682926,metric_tests\baseline_manual\wrist_trigger\20260508.180251.682926,baseline_manual,wrist_trigger,normal,trigger,SwipeD,wrist_trigger,8,3,True,False,57,1.7857142857142856,SwipeD,1,52.63157894736842
20260508.180254.706414,metric_tests\baseline_manual\wrist_trigger\20260508.180254.706414,baseline_manual,wrist_trigger,normal,trigger,SwipeD,wrist_trigger,9,4,True,False,59,3.4482758620689653,SwipeD,1,50.847457627118644
20260508.180258.035898,metric_tests\baseline_manual\wrist_trigger\20260508.180258.035898,baseline_manual,wrist_trigger,normal,trigger,SwipeD,wrist_trigger,10,5,True,False,59,5.172413793103448,SwipeD,1,50.847457627118644
20260508.180301.059039,metric_tests\baseline_manual\wrist_trigger\20260508.180301.059039,baseline_manual,wrist_trigger,normal,trigger,swipeL,wrist_trigger,11,1,True,False,61,68.33333333333333,swipeL,1,49.18032786885246
20260508.180304.050955,metric_tests\baseline_manual\wrist_trigger\20260508.180304.050955,baseline_manual,wrist_trigger,normal,trigger,swipeL,wrist_trigger,12,2,True,False,56,1.8181818181818181,swipeL,1,53.57142857142857
20260508.180307.683365,metric_tests\baseline_manual\wrist_trigger\20260508.180307.683365,baseline_manual,wrist_trigger,normal,trigger,swipeL,wrist_trigger,13,3,True,False,67,3.0303030303030303,swipeL,1,44.776119402985074
20260508.180311.171583,metric_tests\baseline_manual\wrist_trigger\20260508.180311.171583,baseline_manual,wrist_trigger,normal,trigger,swipeL,wrist_trigger,14,4,True,False,59,1.7241379310344827,swipeR,0,0.0
20260508.180315.554928,metric_tests\baseline_manual\wrist_trigger\20260508.180315.554928,baseline_manual,wrist_trigger,normal,trigger,swipeL,wrist_trigger,15,5,True,False,72,1.4084507042253522,swipeR,0,0.0
20260508.180319.763489,metric_tests\baseline_manual\wrist_trigger\20260508.180319.763489,baseline_manual,wrist_trigger,normal,trigger,swipeR,wrist_trigger,16,1,True,False,54,32.075471698113205,swipeL,0,0.0
20260508.180322.723640,metric_tests\baseline_manual\wrist_trigger\20260508.180322.723640,baseline_manual,wrist_trigger,normal,trigger,swipeR,wrist_trigger,17,2,True,False,51,6.0,swipeL,0,0.0
20260508.180325.795268,metric_tests\baseline_manual\wrist_trigger\20260508.180325.795268,baseline_manual,wrist_trigger,normal,trigger,swipeR,wrist_trigger,18,3,True,False,55,9.25925925925926,swipeL,0,0.0
20260508.180328.787837,metric_tests\baseline_manual\wrist_trigger\20260508.180328.787837,baseline_manual,wrist_trigger,normal,trigger,swipeR,wrist_trigger,19,4,True,False,58,7.017543859649122,swipeL,0,0.0
20260508.180331.682954,metric_tests\baseline_manual\wrist_trigger\20260508.180331.682954,baseline_manual,wrist_trigger,normal,trigger,swipeR,wrist_trigger,20,5,True,False,57,16.071428571428573,swipeL,0,0.0
20260508.175804.556641,metric_tests\proposed_auto\dim\20260508.175804.556641,proposed_auto,dim,dim,lighting,SwipeU,wrist_trigger,1,1,True,False,22,66.66666666666666,SwipeU,1,100.0
20260508.175809.067337,metric_tests\proposed_auto\dim\20260508.175809.067337,proposed_auto,dim,dim,lighting,SwipeU,wrist_trigger,2,2,True,False,24,82.6086956521739,SwipeU,1,100.0
20260508.175817.581804,metric_tests\proposed_auto\dim\20260508.175817.581804,proposed_auto,dim,dim,lighting,SwipeU,wrist_trigger,3,3,True,False,21,75.0,SwipeU,1,100.0
20260508.175825.293023,metric_tests\proposed_auto\dim\20260508.175825.293023,proposed_auto,dim,dim,lighting,SwipeU,wrist_trigger,4,4,True,False,20,68.42105263157895,SwipeU,1,100.0
20260508.175834.394887,metric_tests\proposed_auto\dim\20260508.175834.394887,proposed_auto,dim,dim,lighting,SwipeU,wrist_trigger,5,5,True,False,21,80.0,SwipeU,1,100.0
20260508.175844.622049,metric_tests\proposed_auto\dim\20260508.175844.622049,proposed_auto,dim,dim,lighting,SwipeD,wrist_trigger,6,1,True,False,32,77.41935483870968,SwipeD,1,93.75
20260508.175853.539106,metric_tests\proposed_auto\dim\20260508.175853.539106,proposed_auto,dim,dim,lighting,SwipeD,wrist_trigger,7,2,True,False,29,89.28571428571429,SwipeD,1,100.0
20260508.175900.039125,metric_tests\proposed_auto\dim\20260508.175900.039125,proposed_auto,dim,dim,lighting,SwipeD,wrist_trigger,8,3,True,False,22,71.42857142857143,SwipeD,1,100.0
20260508.175915.054764,metric_tests\proposed_auto\dim\20260508.175915.054764,proposed_auto,dim,dim,lighting,SwipeD,wrist_trigger,9,4,False,True,0,0.0,,0,0.0
20260508.175919.989030,metric_tests\proposed_auto\dim\20260508.175919.989030,proposed_auto,dim,dim,lighting,SwipeD,wrist_trigger,10,5,True,False,24,73.91304347826086,SwipeD,1,100.0
20260508.175928.572038,metric_tests\proposed_auto\dim\20260508.175928.572038,proposed_auto,dim,dim,lighting,swipeL,wrist_trigger,11,1,True,False,21,85.0,swipeR,0,0.0
20260508.175933.386962,metric_tests\proposed_auto\dim\20260508.175933.386962,proposed_auto,dim,dim,lighting,swipeL,wrist_trigger,12,2,True,False,22,85.71428571428571,swipeL,1,100.0
20260508.175938.090960,metric_tests\proposed_auto\dim\20260508.175938.090960,proposed_auto,dim,dim,lighting,swipeL,wrist_trigger,13,3,True,False,22,95.23809523809523,swipeR,0,0.0
20260508.175942.893540,metric_tests\proposed_auto\dim\20260508.175942.893540,proposed_auto,dim,dim,lighting,swipeL,wrist_trigger,14,4,True,False,22,85.71428571428571,SwipeU,0,0.0
20260508.180000.614848,metric_tests\proposed_auto\dim\20260508.180000.614848,proposed_auto,dim,dim,lighting,swipeL,wrist_trigger,15,5,True,False,19,88.88888888888889,swipeL,1,100.0
20260508.180010.426753,metric_tests\proposed_auto\dim\20260508.180010.426753,proposed_auto,dim,dim,lighting,swipeR,wrist_trigger,16,1,True,False,21,80.0,swipeR,1,100.0
20260508.180021.946572,metric_tests\proposed_auto\dim\20260508.180021.946572,proposed_auto,dim,dim,lighting,swipeR,wrist_trigger,17,2,True,False,21,85.0,swipeR,1,100.0
20260508.180030.361924,metric_tests\proposed_auto\dim\20260508.180030.361924,proposed_auto,dim,dim,lighting,swipeR,wrist_trigger,18,3,True,False,21,85.0,swipeL,0,0.0
20260508.180043.885728,metric_tests\proposed_auto\dim\20260508.180043.885728,proposed_auto,dim,dim,lighting,swipeR,wrist_trigger,19,4,True,False,26,68.0,swipeL,0,0.0
20260508.180049.675868,metric_tests\proposed_auto\dim\20260508.180049.675868,proposed_auto,dim,dim,lighting,swipeR,wrist_trigger,20,5,True,False,25,83.33333333333334,swipeL,0,0.0
20260508.180057.992836,metric_tests\proposed_auto\dim\20260508.180057.992836,proposed_auto,dim,dim,lighting,Grab,scale_trigger,21,1,True,False,14,30.76923076923077,Grab,1,100.0
20260508.180107.305411,metric_tests\proposed_auto\dim\20260508.180107.305411,proposed_auto,dim,dim,lighting,Grab,scale_trigger,22,2,False,True,0,0.0,,0,0.0
20260508.180110.409224,metric_tests\proposed_auto\dim\20260508.180110.409224,proposed_auto,dim,dim,lighting,Grab,scale_trigger,23,3,True,False,15,21.428571428571427,Grab,1,100.0
20260508.180119.623513,metric_tests\proposed_auto\dim\20260508.180119.623513,proposed_auto,dim,dim,lighting,Grab,scale_trigger,24,4,True,False,13,25.0,Grab,1,100.0
20260508.180129.240000,metric_tests\proposed_auto\dim\20260508.180129.240000,proposed_auto,dim,dim,lighting,Grab,scale_trigger,25,5,True,False,13,33.33333333333333,Grab,1,100.0
20260508.180138.248583,metric_tests\proposed_auto\dim\20260508.180138.248583,proposed_auto,dim,dim,lighting,Expand,scale_trigger,26,1,True,False,13,25.0,Expand,1,100.0
20260508.180146.763961,metric_tests\proposed_auto\dim\20260508.180146.763961,proposed_auto,dim,dim,lighting,Expand,scale_trigger,27,2,False,True,0,0.0,,0,0.0
20260508.180152.169330,metric_tests\proposed_auto\dim\20260508.180152.169330,proposed_auto,dim,dim,lighting,Expand,scale_trigger,28,3,False,True,0,0.0,,0,0.0
20260508.180157.579356,metric_tests\proposed_auto\dim\20260508.180157.579356,proposed_auto,dim,dim,lighting,Expand,scale_trigger,29,4,False,True,0,0.0,,0,0.0
20260508.180203.179799,metric_tests\proposed_auto\dim\20260508.180203.179799,proposed_auto,dim,dim,lighting,Expand,scale_trigger,30,5,False,True,0,0.0,,0,0.0
20260508.175116.194662,metric_tests\proposed_auto\normal\20260508.175116.194662,proposed_auto,normal,normal,lighting,SwipeU,wrist_trigger,1,1,True,False,25,91.66666666666666,SwipeU,1,100.0
20260508.175118.750546,metric_tests\proposed_auto\normal\20260508.175118.750546,proposed_auto,normal,normal,lighting,SwipeU,wrist_trigger,2,2,True,False,22,85.71428571428571,SwipeU,1,100.0
20260508.175121.394687,metric_tests\proposed_auto\normal\20260508.175121.394687,proposed_auto,normal,normal,lighting,SwipeU,wrist_trigger,3,3,True,False,29,96.42857142857143,SwipeU,1,100.0
20260508.175123.827414,metric_tests\proposed_auto\normal\20260508.175123.827414,proposed_auto,normal,normal,lighting,SwipeU,wrist_trigger,4,4,True,False,27,96.15384615384616,SwipeU,1,100.0
20260508.175126.500414,metric_tests\proposed_auto\normal\20260508.175126.500414,proposed_auto,normal,normal,lighting,SwipeU,wrist_trigger,5,5,True,False,28,96.29629629629629,SwipeU,1,100.0
20260508.175129.922226,metric_tests\proposed_auto\normal\20260508.175129.922226,proposed_auto,normal,normal,lighting,SwipeD,wrist_trigger,6,1,True,False,26,92.0,SwipeD,1,100.0
20260508.175132.818918,metric_tests\proposed_auto\normal\20260508.175132.818918,proposed_auto,normal,normal,lighting,SwipeD,wrist_trigger,7,2,True,False,29,82.14285714285714,SwipeD,1,100.0
20260508.175135.490363,metric_tests\proposed_auto\normal\20260508.175135.490363,proposed_auto,normal,normal,lighting,SwipeD,wrist_trigger,8,3,True,False,28,92.5925925925926,SwipeD,1,100.0
20260508.175138.978899,metric_tests\proposed_auto\normal\20260508.175138.978899,proposed_auto,normal,normal,lighting,SwipeD,wrist_trigger,9,4,True,False,31,96.66666666666667,SwipeD,1,96.7741935483871
20260508.175142.242767,metric_tests\proposed_auto\normal\20260508.175142.242767,proposed_auto,normal,normal,lighting,SwipeD,wrist_trigger,10,5,True,False,33,90.625,SwipeD,1,90.9090909090909
20260508.175145.139522,metric_tests\proposed_auto\normal\20260508.175145.139522,proposed_auto,normal,normal,lighting,swipeL,wrist_trigger,11,1,True,False,29,89.28571428571429,swipeL,1,100.0
20260508.175147.730915,metric_tests\proposed_auto\normal\20260508.175147.730915,proposed_auto,normal,normal,lighting,swipeL,wrist_trigger,12,2,True,False,31,80.0,swipeL,1,96.7741935483871
20260508.175150.594446,metric_tests\proposed_auto\normal\20260508.175150.594446,proposed_auto,normal,normal,lighting,swipeL,wrist_trigger,13,3,True,False,27,96.15384615384616,swipeL,1,100.0
20260508.175153.523631,metric_tests\proposed_auto\normal\20260508.175153.523631,proposed_auto,normal,normal,lighting,swipeL,wrist_trigger,14,4,True,False,31,60.0,swipeL,1,96.7741935483871
20260508.175156.626612,metric_tests\proposed_auto\normal\20260508.175156.626612,proposed_auto,normal,normal,lighting,swipeL,wrist_trigger,15,5,True,False,31,43.333333333333336,swipeL,1,96.7741935483871
20260508.175158.626681,metric_tests\proposed_auto\normal\20260508.175158.626681,proposed_auto,normal,normal,lighting,swipeR,wrist_trigger,16,1,True,False,14,53.84615384615385,SwipeD,0,0.0
20260508.175203.314786,metric_tests\proposed_auto\normal\20260508.175203.314786,proposed_auto,normal,normal,lighting,swipeR,wrist_trigger,17,2,True,False,28,92.5925925925926,swipeL,0,0.0
20260508.175206.835381,metric_tests\proposed_auto\normal\20260508.175206.835381,proposed_auto,normal,normal,lighting,swipeR,wrist_trigger,18,3,True,False,47,26.08695652173913,swipeR,1,63.829787234042556
20260508.175210.979091,metric_tests\proposed_auto\normal\20260508.175210.979091,proposed_auto,normal,normal,lighting,swipeR,wrist_trigger,19,4,True,False,31,73.33333333333333,swipeL,0,0.0
20260508.175214.003042,metric_tests\proposed_auto\normal\20260508.175214.003042,proposed_auto,normal,normal,lighting,swipeR,wrist_trigger,20,5,True,False,30,96.55172413793103,swipeL,0,0.0
20260508.175217.042828,metric_tests\proposed_auto\normal\20260508.175217.042828,proposed_auto,normal,normal,lighting,Grab,scale_trigger,21,1,True,False,27,34.61538461538461,Grab,1,100.0
20260508.175222.082821,metric_tests\proposed_auto\normal\20260508.175222.082821,proposed_auto,normal,normal,lighting,Grab,scale_trigger,22,2,True,False,26,24.0,Grab,1,100.0
20260508.175225.328355,metric_tests\proposed_auto\normal\20260508.175225.328355,proposed_auto,normal,normal,lighting,Grab,scale_trigger,23,3,True,False,24,26.08695652173913,Grab,1,100.0
20260508.175227.571630,metric_tests\proposed_auto\normal\20260508.175227.571630,proposed_auto,normal,normal,lighting,Grab,scale_trigger,24,4,True,False,23,45.45454545454545,Grab,1,100.0
20260508.175232.114528,metric_tests\proposed_auto\normal\20260508.175232.114528,proposed_auto,normal,normal,lighting,Grab,scale_trigger,25,5,True,False,17,43.75,Grab,1,100.0
20260508.175236.563783,metric_tests\proposed_auto\normal\20260508.175236.563783,proposed_auto,normal,normal,lighting,Expand,scale_trigger,26,1,True,False,17,43.75,Expand,1,100.0
20260508.175239.236308,metric_tests\proposed_auto\normal\20260508.175239.236308,proposed_auto,normal,normal,lighting,Expand,scale_trigger,27,2,True,False,23,40.909090909090914,Expand,1,100.0
20260508.175244.723075,metric_tests\proposed_auto\normal\20260508.175244.723075,proposed_auto,normal,normal,lighting,Expand,scale_trigger,28,3,True,False,14,53.84615384615385,Expand,1,100.0
20260508.175250.754266,metric_tests\proposed_auto\normal\20260508.175250.754266,proposed_auto,normal,normal,lighting,Expand,scale_trigger,29,4,True,False,16,53.333333333333336,Expand,1,100.0
20260508.175253.715679,metric_tests\proposed_auto\normal\20260508.175253.715679,proposed_auto,normal,normal,lighting,Expand,scale_trigger,30,5,True,False,21,45.0,Expand,1,100.0
20260508.172005.494086,metric_tests\proposed_auto\scale_trigger\20260508.172005.494086,proposed_auto,scale_trigger,normal,trigger,Grab,scale_trigger,1,1,True,False,26,32.0,Grab,1,100.0
20260508.172007.669640,metric_tests\proposed_auto\scale_trigger\20260508.172007.669640,proposed_auto,scale_trigger,normal,trigger,Grab,scale_trigger,2,2,True,False,16,53.333333333333336,Grab,1,100.0
20260508.172012.598226,metric_tests\proposed_auto\scale_trigger\20260508.172012.598226,proposed_auto,scale_trigger,normal,trigger,Grab,scale_trigger,3,3,True,False,14,61.53846153846154,Grab,1,100.0
20260508.172015.541774,metric_tests\proposed_auto\scale_trigger\20260508.172015.541774,proposed_auto,scale_trigger,normal,trigger,Grab,scale_trigger,4,4,True,False,26,32.0,Grab,1,100.0
20260508.172017.907368,metric_tests\proposed_auto\scale_trigger\20260508.172017.907368,proposed_auto,scale_trigger,normal,trigger,Grab,scale_trigger,5,5,True,False,23,40.909090909090914,Grab,1,100.0
20260508.172023.447458,metric_tests\proposed_auto\scale_trigger\20260508.172023.447458,proposed_auto,scale_trigger,normal,trigger,Expand,scale_trigger,6,1,True,False,19,55.55555555555556,Expand,1,100.0
20260508.172026.280043,metric_tests\proposed_auto\scale_trigger\20260508.172026.280043,proposed_auto,scale_trigger,normal,trigger,Expand,scale_trigger,7,2,True,False,16,73.33333333333333,Expand,1,100.0
20260508.172028.933251,metric_tests\proposed_auto\scale_trigger\20260508.172028.933251,proposed_auto,scale_trigger,normal,trigger,Expand,scale_trigger,8,3,True,False,16,73.33333333333333,Expand,1,100.0
20260508.172031.575097,metric_tests\proposed_auto\scale_trigger\20260508.172031.575097,proposed_auto,scale_trigger,normal,trigger,Expand,scale_trigger,9,4,True,False,15,71.42857142857143,Expand,1,100.0
20260508.172037.030174,metric_tests\proposed_auto\scale_trigger\20260508.172037.030174,proposed_auto,scale_trigger,normal,trigger,Expand,scale_trigger,10,5,True,False,19,38.88888888888889,Expand,1,100.0
20260508.180229.250376,metric_tests\proposed_auto\wrist_trigger\20260508.180229.250376,proposed_auto,wrist_trigger,normal,trigger,SwipeU,wrist_trigger,1,1,True,False,25,87.5,SwipeU,1,100.0
20260508.180231.986919,metric_tests\proposed_auto\wrist_trigger\20260508.180231.986919,proposed_auto,wrist_trigger,normal,trigger,SwipeU,wrist_trigger,2,2,True,False,28,96.29629629629629,SwipeU,1,100.0
20260508.180234.690125,metric_tests\proposed_auto\wrist_trigger\20260508.180234.690125,proposed_auto,wrist_trigger,normal,trigger,SwipeU,wrist_trigger,3,3,True,False,25,95.83333333333334,SwipeU,1,100.0
20260508.180237.346025,metric_tests\proposed_auto\wrist_trigger\20260508.180237.346025,proposed_auto,wrist_trigger,normal,trigger,SwipeU,wrist_trigger,4,4,True,False,28,88.88888888888889,SwipeU,1,100.0
20260508.180240.417566,metric_tests\proposed_auto\wrist_trigger\20260508.180240.417566,proposed_auto,wrist_trigger,normal,trigger,SwipeU,wrist_trigger,5,5,True,False,35,91.17647058823529,SwipeU,1,85.71428571428571
20260508.180245.425685,metric_tests\proposed_auto\wrist_trigger\20260508.180245.425685,proposed_auto,wrist_trigger,normal,trigger,SwipeD,wrist_trigger,6,1,True,False,28,88.88888888888889,SwipeD,1,100.0
20260508.180248.514651,metric_tests\proposed_auto\wrist_trigger\20260508.180248.514651,proposed_auto,wrist_trigger,normal,trigger,SwipeD,wrist_trigger,7,2,True,False,37,94.44444444444444,SwipeD,1,81.08108108108108
20260508.180251.346285,metric_tests\proposed_auto\wrist_trigger\20260508.180251.346285,proposed_auto,wrist_trigger,normal,trigger,SwipeD,wrist_trigger,8,3,True,False,31,90.0,SwipeD,1,96.7741935483871
20260508.180254.338086,metric_tests\proposed_auto\wrist_trigger\20260508.180254.338086,proposed_auto,wrist_trigger,normal,trigger,SwipeD,wrist_trigger,9,4,True,False,32,96.7741935483871,SwipeD,1,93.75
20260508.180257.601753,metric_tests\proposed_auto\wrist_trigger\20260508.180257.601753,proposed_auto,wrist_trigger,normal,trigger,SwipeD,wrist_trigger,10,5,True,False,31,86.66666666666667,SwipeD,1,96.7741935483871
20260508.180300.562603,metric_tests\proposed_auto\wrist_trigger\20260508.180300.562603,proposed_auto,wrist_trigger,normal,trigger,swipeL,wrist_trigger,11,1,True,False,31,96.66666666666667,swipeL,1,96.7741935483871
20260508.180303.761980,metric_tests\proposed_auto\wrist_trigger\20260508.180303.761980,proposed_auto,wrist_trigger,normal,trigger,swipeL,wrist_trigger,12,2,True,False,30,96.55172413793103,swipeL,1,100.0
20260508.180307.346436,metric_tests\proposed_auto\wrist_trigger\20260508.180307.346436,proposed_auto,wrist_trigger,normal,trigger,swipeL,wrist_trigger,13,3,True,False,36,71.42857142857143,swipeL,1,83.33333333333334
20260508.180310.865697,metric_tests\proposed_auto\wrist_trigger\20260508.180310.865697,proposed_auto,wrist_trigger,normal,trigger,swipeL,wrist_trigger,14,4,True,False,33,96.875,swipeL,1,90.9090909090909
20260508.180315.250755,metric_tests\proposed_auto\wrist_trigger\20260508.180315.250755,proposed_auto,wrist_trigger,normal,trigger,swipeL,wrist_trigger,15,5,True,False,55,68.51851851851852,swipeR,0,0.0
20260508.180319.362221,metric_tests\proposed_auto\wrist_trigger\20260508.180319.362221,proposed_auto,wrist_trigger,normal,trigger,swipeR,wrist_trigger,16,1,True,False,26,44.0,swipeR,1,100.0
20260508.180322.434718,metric_tests\proposed_auto\wrist_trigger\20260508.180322.434718,proposed_auto,wrist_trigger,normal,trigger,swipeR,wrist_trigger,17,2,True,False,28,62.96296296296296,swipeR,1,100.0
20260508.180325.553279,metric_tests\proposed_auto\wrist_trigger\20260508.180325.553279,proposed_auto,wrist_trigger,normal,trigger,swipeR,wrist_trigger,18,3,True,False,35,35.294117647058826,swipeL,0,0.0
20260508.180328.450536,metric_tests\proposed_auto\wrist_trigger\20260508.180328.450536,proposed_auto,wrist_trigger,normal,trigger,swipeR,wrist_trigger,19,4,True,False,32,67.74193548387096,swipeL,0,0.0
20260508.180331.377840,metric_tests\proposed_auto\wrist_trigger\20260508.180331.377840,proposed_auto,wrist_trigger,normal,trigger,swipeR,wrist_trigger,20,5,True,False,32,54.83870967741935,swipeL,0,0.0
20260508.175805.163041,metric_tests\reference_spotter\dim\20260508.175805.163041,reference_spotter,dim,dim,lighting,SwipeU,wrist_trigger,1,1,True,False,30,55.172413793103445,SwipeU,1,100.0
20260508.175809.676250,metric_tests\reference_spotter\dim\20260508.175809.676250,reference_spotter,dim,dim,lighting,SwipeU,wrist_trigger,2,2,True,False,30,72.41379310344827,SwipeU,1,100.0
20260508.175821.693754,metric_tests\reference_spotter\dim\20260508.175821.693754,reference_spotter,dim,dim,lighting,SwipeU,wrist_trigger,3,3,False,True,0,0.0,,0,0.0
20260508.175829.898401,metric_tests\reference_spotter\dim\20260508.175829.898401,reference_spotter,dim,dim,lighting,SwipeU,wrist_trigger,4,4,False,True,0,0.0,,0,0.0
20260508.175839.308697,metric_tests\reference_spotter\dim\20260508.175839.308697,reference_spotter,dim,dim,lighting,SwipeU,wrist_trigger,5,5,False,True,0,0.0,,0,0.0
20260508.175844.314872,metric_tests\reference_spotter\dim\20260508.175844.314872,reference_spotter,dim,dim,lighting,SwipeD,wrist_trigger,6,1,True,False,30,79.3103448275862,SwipeD,1,100.0
20260508.175853.420835,metric_tests\reference_spotter\dim\20260508.175853.420835,reference_spotter,dim,dim,lighting,SwipeD,wrist_trigger,7,2,True,False,30,89.65517241379311,SwipeD,1,100.0
20260508.175905.854165,metric_tests\reference_spotter\dim\20260508.175905.854165,reference_spotter,dim,dim,lighting,SwipeD,wrist_trigger,8,3,False,True,0,0.0,,0,0.0
20260508.175910.956958,metric_tests\reference_spotter\dim\20260508.175910.956958,reference_spotter,dim,dim,lighting,SwipeD,wrist_trigger,9,4,True,False,30,58.620689655172406,SwipeD,1,100.0
20260508.175924.570936,metric_tests\reference_spotter\dim\20260508.175924.570936,reference_spotter,dim,dim,lighting,SwipeD,wrist_trigger,10,5,False,True,0,0.0,,0,0.0
20260508.175929.275127,metric_tests\reference_spotter\dim\20260508.175929.275127,reference_spotter,dim,dim,lighting,swipeL,wrist_trigger,11,1,True,False,30,62.06896551724138,swipeR,0,0.0
20260508.175933.980950,metric_tests\reference_spotter\dim\20260508.175933.980950,reference_spotter,dim,dim,lighting,swipeL,wrist_trigger,12,2,True,False,30,72.41379310344827,SwipeU,0,0.0
20260508.175938.682945,metric_tests\reference_spotter\dim\20260508.175938.682945,reference_spotter,dim,dim,lighting,swipeL,wrist_trigger,13,3,True,False,30,75.86206896551724,swipeR,0,0.0
20260508.175951.804367,metric_tests\reference_spotter\dim\20260508.175951.804367,reference_spotter,dim,dim,lighting,swipeL,wrist_trigger,14,4,False,True,0,0.0,,0,0.0
20260508.180005.932297,metric_tests\reference_spotter\dim\20260508.180005.932297,reference_spotter,dim,dim,lighting,swipeL,wrist_trigger,15,5,False,True,0,0.0,,0,0.0
20260508.180018.139409,metric_tests\reference_spotter\dim\20260508.180018.139409,reference_spotter,dim,dim,lighting,swipeR,wrist_trigger,16,1,False,True,0,0.0,,0,0.0
20260508.180026.254824,metric_tests\reference_spotter\dim\20260508.180026.254824,reference_spotter,dim,dim,lighting,swipeR,wrist_trigger,17,2,False,True,0,0.0,,0,0.0
20260508.180039.271444,metric_tests\reference_spotter\dim\20260508.180039.271444,reference_spotter,dim,dim,lighting,swipeR,wrist_trigger,18,3,False,True,0,0.0,,0,0.0
20260508.180044.171270,metric_tests\reference_spotter\dim\20260508.180044.171270,reference_spotter,dim,dim,lighting,swipeR,wrist_trigger,19,4,True,False,30,65.51724137931035,swipeL,0,0.0
20260508.180050.093762,metric_tests\reference_spotter\dim\20260508.180050.093762,reference_spotter,dim,dim,lighting,swipeR,wrist_trigger,20,5,True,False,30,82.75862068965517,swipeL,0,0.0
20260508.180101.194986,metric_tests\reference_spotter\dim\20260508.180101.194986,reference_spotter,dim,dim,lighting,Grab,scale_trigger,21,1,False,True,0,0.0,,0,0.0
20260508.180107.309701,metric_tests\reference_spotter\dim\20260508.180107.309701,reference_spotter,dim,dim,lighting,Grab,scale_trigger,22,2,False,True,0,0.0,,0,0.0
20260508.180116.831734,metric_tests\reference_spotter\dim\20260508.180116.831734,reference_spotter,dim,dim,lighting,Grab,scale_trigger,23,3,False,True,0,0.0,,0,0.0
20260508.180123.226085,metric_tests\reference_spotter\dim\20260508.180123.226085,reference_spotter,dim,dim,lighting,Grab,scale_trigger,24,4,False,True,0,0.0,,0,0.0
20260508.180132.445514,metric_tests\reference_spotter\dim\20260508.180132.445514,reference_spotter,dim,dim,lighting,Grab,scale_trigger,25,5,False,True,0,0.0,,0,0.0
20260508.180141.260066,metric_tests\reference_spotter\dim\20260508.180141.260066,reference_spotter,dim,dim,lighting,Expand,scale_trigger,26,1,False,True,0,0.0,,0,0.0
20260508.180146.769007,metric_tests\reference_spotter\dim\20260508.180146.769007,reference_spotter,dim,dim,lighting,Expand,scale_trigger,27,2,False,True,0,0.0,,0,0.0
20260508.180152.173762,metric_tests\reference_spotter\dim\20260508.180152.173762,reference_spotter,dim,dim,lighting,Expand,scale_trigger,28,3,False,True,0,0.0,,0,0.0
20260508.180157.579356,metric_tests\reference_spotter\dim\20260508.180157.579356,reference_spotter,dim,dim,lighting,Expand,scale_trigger,29,4,False,True,0,0.0,,0,0.0
20260508.180203.180733,metric_tests\reference_spotter\dim\20260508.180203.180733,reference_spotter,dim,dim,lighting,Expand,scale_trigger,30,5,False,True,0,0.0,,0,0.0
20260508.175116.018931,metric_tests\reference_spotter\normal\20260508.175116.018931,reference_spotter,normal,normal,lighting,SwipeU,wrist_trigger,1,1,True,False,30,89.65517241379311,SwipeU,1,100.0
20260508.175118.627003,metric_tests\reference_spotter\normal\20260508.175118.627003,reference_spotter,normal,normal,lighting,SwipeU,wrist_trigger,2,2,True,False,30,72.41379310344827,SwipeU,1,100.0
20260508.175121.058892,metric_tests\reference_spotter\normal\20260508.175121.058892,reference_spotter,normal,normal,lighting,SwipeU,wrist_trigger,3,3,True,False,30,79.3103448275862,SwipeU,1,100.0
20260508.175123.635713,metric_tests\reference_spotter\normal\20260508.175123.635713,reference_spotter,normal,normal,lighting,SwipeU,wrist_trigger,4,4,True,False,30,100.0,SwipeU,1,100.0
20260508.175126.194751,metric_tests\reference_spotter\normal\20260508.175126.194751,reference_spotter,normal,normal,lighting,SwipeU,wrist_trigger,5,5,True,False,30,96.55172413793103,SwipeU,1,100.0
20260508.175129.522783,metric_tests\reference_spotter\normal\20260508.175129.522783,reference_spotter,normal,normal,lighting,SwipeD,wrist_trigger,6,1,True,False,30,86.20689655172413,SwipeD,1,100.0
20260508.175132.355642,metric_tests\reference_spotter\normal\20260508.175132.355642,reference_spotter,normal,normal,lighting,SwipeD,wrist_trigger,7,2,True,False,30,89.65517241379311,SwipeD,1,100.0
20260508.175135.090922,metric_tests\reference_spotter\normal\20260508.175135.090922,reference_spotter,normal,normal,lighting,SwipeD,wrist_trigger,8,3,True,False,30,93.10344827586206,SwipeD,1,100.0
20260508.175138.450280,metric_tests\reference_spotter\normal\20260508.175138.450280,reference_spotter,normal,normal,lighting,SwipeD,wrist_trigger,9,4,True,False,30,89.65517241379311,SwipeD,1,100.0
20260508.175141.538795,metric_tests\reference_spotter\normal\20260508.175141.538795,reference_spotter,normal,normal,lighting,SwipeD,wrist_trigger,10,5,True,False,30,93.10344827586206,SwipeD,1,100.0
20260508.175144.675269,metric_tests\reference_spotter\normal\20260508.175144.675269,reference_spotter,normal,normal,lighting,swipeL,wrist_trigger,11,1,True,False,30,82.75862068965517,swipeL,1,100.0
20260508.175147.443992,metric_tests\reference_spotter\normal\20260508.175147.443992,reference_spotter,normal,normal,lighting,swipeL,wrist_trigger,12,2,True,False,30,79.3103448275862,swipeL,1,100.0
20260508.175150.211533,metric_tests\reference_spotter\normal\20260508.175150.211533,reference_spotter,normal,normal,lighting,swipeL,wrist_trigger,13,3,True,False,30,93.10344827586206,swipeL,1,100.0
20260508.175153.044203,metric_tests\reference_spotter\normal\20260508.175153.044203,reference_spotter,normal,normal,lighting,swipeL,wrist_trigger,14,4,True,False,30,75.86206896551724,SwipeD,0,0.0
20260508.175156.003806,metric_tests\reference_spotter\normal\20260508.175156.003806,reference_spotter,normal,normal,lighting,swipeL,wrist_trigger,15,5,True,False,30,82.75862068965517,swipeL,1,100.0
20260508.175159.218523,metric_tests\reference_spotter\normal\20260508.175159.218523,reference_spotter,normal,normal,lighting,swipeR,wrist_trigger,16,1,True,False,30,55.172413793103445,SwipeD,0,0.0
20260508.175202.978335,metric_tests\reference_spotter\normal\20260508.175202.978335,reference_spotter,normal,normal,lighting,swipeR,wrist_trigger,17,2,True,False,30,82.75862068965517,swipeL,0,0.0
20260508.175205.778886,metric_tests\reference_spotter\normal\20260508.175205.778886,reference_spotter,normal,normal,lighting,swipeR,wrist_trigger,18,3,True,False,30,48.275862068965516,swipeL,0,0.0
20260508.175210.546622,metric_tests\reference_spotter\normal\20260508.175210.546622,reference_spotter,normal,normal,lighting,swipeR,wrist_trigger,19,4,True,False,30,62.06896551724138,swipeL,0,0.0
20260508.175213.476483,metric_tests\reference_spotter\normal\20260508.175213.476483,reference_spotter,normal,normal,lighting,swipeR,wrist_trigger,20,5,True,False,30,68.96551724137932,swipeL,0,0.0
20260508.175216.805078,metric_tests\reference_spotter\normal\20260508.175216.805078,reference_spotter,normal,normal,lighting,Grab,scale_trigger,21,1,True,False,30,41.37931034482759,Grab,1,100.0
20260508.175221.875656,metric_tests\reference_spotter\normal\20260508.175221.875656,reference_spotter,normal,normal,lighting,Grab,scale_trigger,22,2,True,False,30,34.48275862068966,Grab,1,100.0
20260508.175225.203230,metric_tests\reference_spotter\normal\20260508.175225.203230,reference_spotter,normal,normal,lighting,Grab,scale_trigger,23,3,True,False,30,34.48275862068966,Grab,1,100.0
20260508.175227.811195,metric_tests\reference_spotter\normal\20260508.175227.811195,reference_spotter,normal,normal,lighting,Grab,scale_trigger,24,4,True,False,30,41.37931034482759,Grab,1,100.0
20260508.175232.322203,metric_tests\reference_spotter\normal\20260508.175232.322203,reference_spotter,normal,normal,lighting,Grab,scale_trigger,25,5,True,False,30,37.93103448275862,Grab,1,100.0
20260508.175237.165016,metric_tests\reference_spotter\normal\20260508.175237.165016,reference_spotter,normal,normal,lighting,Expand,scale_trigger,26,1,True,False,30,24.137931034482758,Expand,1,100.0
20260508.175239.458643,metric_tests\reference_spotter\normal\20260508.175239.458643,reference_spotter,normal,normal,lighting,Expand,scale_trigger,27,2,True,False,30,31.03448275862069,Expand,1,100.0
20260508.175245.154630,metric_tests\reference_spotter\normal\20260508.175245.154630,reference_spotter,normal,normal,lighting,Expand,scale_trigger,28,3,True,False,30,24.137931034482758,Expand,1,100.0
20260508.175251.419668,metric_tests\reference_spotter\normal\20260508.175251.419668,reference_spotter,normal,normal,lighting,Expand,scale_trigger,29,4,True,False,30,27.586206896551722,Expand,1,100.0
20260508.175253.890828,metric_tests\reference_spotter\normal\20260508.175253.890828,reference_spotter,normal,normal,lighting,Expand,scale_trigger,30,5,True,False,30,34.48275862068966,Expand,1,100.0
20260508.172005.269911,metric_tests\reference_spotter\scale_trigger\20260508.172005.269911,reference_spotter,scale_trigger,normal,trigger,Grab,scale_trigger,1,1,True,False,30,37.93103448275862,Grab,1,100.0
20260508.172007.957308,metric_tests\reference_spotter\scale_trigger\20260508.172007.957308,reference_spotter,scale_trigger,normal,trigger,Grab,scale_trigger,2,2,True,False,30,41.37931034482759,Grab,1,100.0
20260508.172012.998062,metric_tests\reference_spotter\scale_trigger\20260508.172012.998062,reference_spotter,scale_trigger,normal,trigger,Grab,scale_trigger,3,3,True,False,30,41.37931034482759,Grab,1,100.0
20260508.172015.333860,metric_tests\reference_spotter\scale_trigger\20260508.172015.333860,reference_spotter,scale_trigger,normal,trigger,Grab,scale_trigger,4,4,True,False,30,34.48275862068966,Grab,1,100.0
20260508.172017.781984,metric_tests\reference_spotter\scale_trigger\20260508.172017.781984,reference_spotter,scale_trigger,normal,trigger,Grab,scale_trigger,5,5,True,False,30,44.827586206896555,Grab,1,100.0
20260508.172023.702761,metric_tests\reference_spotter\scale_trigger\20260508.172023.702761,reference_spotter,scale_trigger,normal,trigger,Expand,scale_trigger,6,1,True,False,30,37.93103448275862,Expand,1,100.0
20260508.172026.597209,metric_tests\reference_spotter\scale_trigger\20260508.172026.597209,reference_spotter,scale_trigger,normal,trigger,Expand,scale_trigger,7,2,True,False,30,48.275862068965516,Expand,1,100.0
20260508.172029.237738,metric_tests\reference_spotter\scale_trigger\20260508.172029.237738,reference_spotter,scale_trigger,normal,trigger,Expand,scale_trigger,8,3,True,False,30,41.37931034482759,Expand,1,100.0
20260508.172031.926167,metric_tests\reference_spotter\scale_trigger\20260508.172031.926167,reference_spotter,scale_trigger,normal,trigger,Expand,scale_trigger,9,4,True,False,30,34.48275862068966,Expand,1,100.0
20260508.172037.429835,metric_tests\reference_spotter\scale_trigger\20260508.172037.429835,reference_spotter,scale_trigger,normal,trigger,Expand,scale_trigger,10,5,True,False,30,24.137931034482758,Expand,1,100.0
20260508.180228.994441,metric_tests\reference_spotter\wrist_trigger\20260508.180228.994441,reference_spotter,wrist_trigger,normal,trigger,SwipeU,wrist_trigger,1,1,True,False,30,89.65517241379311,SwipeU,1,100.0
20260508.180231.763334,metric_tests\reference_spotter\wrist_trigger\20260508.180231.763334,reference_spotter,wrist_trigger,normal,trigger,SwipeU,wrist_trigger,2,2,True,False,30,86.20689655172413,SwipeU,1,100.0
20260508.180234.354342,metric_tests\reference_spotter\wrist_trigger\20260508.180234.354342,reference_spotter,wrist_trigger,normal,trigger,SwipeU,wrist_trigger,3,3,True,False,30,65.51724137931035,SwipeU,1,100.0
20260508.180237.122962,metric_tests\reference_spotter\wrist_trigger\20260508.180237.122962,reference_spotter,wrist_trigger,normal,trigger,SwipeU,wrist_trigger,4,4,True,False,30,82.75862068965517,SwipeU,1,100.0
20260508.180239.923319,metric_tests\reference_spotter\wrist_trigger\20260508.180239.923319,reference_spotter,wrist_trigger,normal,trigger,SwipeU,wrist_trigger,5,5,True,False,30,86.20689655172413,SwipeU,1,100.0
20260508.180244.897760,metric_tests\reference_spotter\wrist_trigger\20260508.180244.897760,reference_spotter,wrist_trigger,normal,trigger,SwipeD,wrist_trigger,6,1,True,False,30,68.96551724137932,SwipeD,1,100.0
20260508.180247.794328,metric_tests\reference_spotter\wrist_trigger\20260508.180247.794328,reference_spotter,wrist_trigger,normal,trigger,SwipeD,wrist_trigger,7,2,True,False,30,86.20689655172413,SwipeD,1,100.0
20260508.180250.881531,metric_tests\reference_spotter\wrist_trigger\20260508.180250.881531,reference_spotter,wrist_trigger,normal,trigger,SwipeD,wrist_trigger,8,3,True,False,30,82.75862068965517,SwipeD,1,100.0
20260508.180253.841773,metric_tests\reference_spotter\wrist_trigger\20260508.180253.841773,reference_spotter,wrist_trigger,normal,trigger,SwipeD,wrist_trigger,9,4,True,False,30,100.0,SwipeD,1,100.0
20260508.180257.138072,metric_tests\reference_spotter\wrist_trigger\20260508.180257.138072,reference_spotter,wrist_trigger,normal,trigger,SwipeD,wrist_trigger,10,5,True,False,30,89.65517241379311,SwipeD,1,100.0
20260508.180300.098372,metric_tests\reference_spotter\wrist_trigger\20260508.180300.098372,reference_spotter,wrist_trigger,normal,trigger,swipeL,wrist_trigger,11,1,True,False,30,93.10344827586206,swipeL,1,100.0
20260508.180303.297449,metric_tests\reference_spotter\wrist_trigger\20260508.180303.297449,reference_spotter,wrist_trigger,normal,trigger,swipeL,wrist_trigger,12,2,True,False,30,86.20689655172413,swipeL,1,100.0
20260508.180306.626447,metric_tests\reference_spotter\wrist_trigger\20260508.180306.626447,reference_spotter,wrist_trigger,normal,trigger,swipeL,wrist_trigger,13,3,True,False,30,79.3103448275862,SwipeD,0,0.0
20260508.180310.307915,metric_tests\reference_spotter\wrist_trigger\20260508.180310.307915,reference_spotter,wrist_trigger,normal,trigger,swipeL,wrist_trigger,14,4,True,False,30,86.20689655172413,SwipeD,0,0.0
20260508.180314.258250,metric_tests\reference_spotter\wrist_trigger\20260508.180314.258250,reference_spotter,wrist_trigger,normal,trigger,swipeL,wrist_trigger,15,5,True,False,30,89.65517241379311,Expand,0,0.0
20260508.180319.105720,metric_tests\reference_spotter\wrist_trigger\20260508.180319.105720,reference_spotter,wrist_trigger,normal,trigger,swipeR,wrist_trigger,16,1,True,False,30,41.37931034482759,swipeL,0,0.0
20260508.180322.098872,metric_tests\reference_spotter\wrist_trigger\20260508.180322.098872,reference_spotter,wrist_trigger,normal,trigger,swipeR,wrist_trigger,17,2,True,False,30,55.172413793103445,swipeL,0,0.0
20260508.180325.027041,metric_tests\reference_spotter\wrist_trigger\20260508.180325.027041,reference_spotter,wrist_trigger,normal,trigger,swipeR,wrist_trigger,18,3,True,False,30,41.37931034482759,swipeL,0,0.0
20260508.180327.922009,metric_tests\reference_spotter\wrist_trigger\20260508.180327.922009,reference_spotter,wrist_trigger,normal,trigger,swipeR,wrist_trigger,19,4,True,False,30,58.620689655172406,swipeL,0,0.0
20260508.180330.850145,metric_tests\reference_spotter\wrist_trigger\20260508.180330.850145,reference_spotter,wrist_trigger,normal,trigger,swipeR,wrist_trigger,20,5,True,False,30,51.724137931034484,swipeL,0,0.0
